species,exists,range_tot_km2,range_cst_km2
abyssobrotula galatheae,TRUE,52684,0
acanthephyra curtirostris,TRUE,195287,1188
acanthephyra eximia,TRUE,290736,18123
acanthephyra quadrispinosa,TRUE,144,0
acanthodoris pilosa,TRUE,55041,55041
acantholithodes hispidus,TRUE,59279,59279
acanthopsetta nadeshnyi,TRUE,13985,13985
acarnus erithacus,TRUE,39530,39530
achelia alaskensis,TRUE,59956,59956
achelia assimilis,TRUE,25712,25712
achelia borealis,TRUE,43490,43490
achelia latifrons,TRUE,3645,3645
achelia spinosa,TRUE,49624,49624
acipenser medirostris,TRUE,46878,46878
acipenser transmontanus,TRUE,30755,30755
acteocina culcitella,TRUE,58049,58049
adalaria proxima,TRUE,59742,59742
adelogorgia phyllosclera,TRUE,488,488
aeolidia papillosa,TRUE,59910,59910
aeropsis fulva,TRUE,17,17
aethia cristatella,TRUE,0,0
aethia psittacula,TRUE,301424,24
aethia pusilla,TRUE,0,0
aethia pygmaea,TRUE,0,0
aglaophamus malmgreni,TRUE,19247,19247
agonomalus mozinoi,TRUE,47263,47263
agonopsis vulsa,TRUE,59956,59956
albatrossia pectoralis,TRUE,10445,10445
aldrovandia affinis,TRUE,79674,116
aldrovandia phalacra,TRUE,41714,0
alectrias alectrolophus,TRUE,44718,44718
alepisaurus ferox,TRUE,406478,41222
alepocephalus tenebrosus,TRUE,8271,8271
alia carinata,TRUE,56465,56465
alitta succinea,TRUE,2450,2450
allocareproctus jordani,TRUE,1749,1749
allocareproctus unangas,TRUE,1460,1460
allocyttus folletti,TRUE,8579,8579
allosergestes pestafer,TRUE,79244,39307
allosmerus elongatus,TRUE,12357,12357
alopias vulpinus,TRUE,449035,81011
amblyraja badia,TRUE,430,430
amblyraja hyperborea,TRUE,13843,13843
ammodytes hexapterus,TRUE,132696,93776
ammodytes personatus,TRUE,52632,52632
ampelisca abdita,TRUE,59742,59742
ampelisca agassizi,TRUE,57403,57403
ampelisca brevisimulata,TRUE,59956,59956
ampelisca cristata,TRUE,591,591
ampelisca lobata,TRUE,58760,58760
ampelisca vadorum,TRUE,47934,47934
ampharete finmarchica,TRUE,31232,31232
ampheraster marianus,TRUE,4353,4353
amphicteis gunneri,TRUE,11235,11235
amphicteis scaphobranchiata,TRUE,50188,50188
amphilectus digitatus,TRUE,47798,47798
amphiodia occidentalis,TRUE,59965,59965
amphiodia periercta,TRUE,59126,59126
amphiodia urtica,TRUE,59965,59965
amphiophiura superba,TRUE,20758,20758
amphioplus macraspis,TRUE,50225,50225
amphipholis pugetana,TRUE,45966,45966
amphipholis squamata,TRUE,54021,54021
amphissa versicolor,TRUE,48395,48395
amphistichus rhodoterus,TRUE,1739,1739
amphitrite cirrata,TRUE,16857,16857
amphiura arcystata,TRUE,23010,23010
amphiura carchara,TRUE,10445,10445
amphiura diomedeae,TRUE,3213,3213
ampithoe longimana,TRUE,59293,59293
anarrhichthys ocellatus,TRUE,59956,59956
ancistrosyllis groenlandica,TRUE,57393,57393
anisarchus medius,TRUE,37107,37107
anoplagonus inermis,TRUE,59956,59956
anoplarchus insignis,TRUE,59122,59122
anoplarchus purpurescens,TRUE,59466,59466
anoplodactylus californicus,TRUE,26028,26028
anoplodactylus typhlops,TRUE,0,0
anoplodactylus viridintestinalis,TRUE,60326,60326
anoplogaster cornuta,TRUE,384934,23354
anoplopoma fimbria,TRUE,36353,36353
anoropallene palpida,TRUE,1474,1474
anotopterus nikparini,TRUE,292499,72493
anthopleura artemisia,TRUE,60122,60122
anthopleura elegantissima,TRUE,60326,60326
anthopleura sola,TRUE,35757,35757
anthopleura xanthogrammica,TRUE,56352,56352
antimora microlepis,TRUE,380653,20284
antimora rostrata,TRUE,1350,0
aphanopus arigato,TRUE,119487,65538
aphelochaeta marioni,TRUE,49638,49638
aphelochaeta multifilis,TRUE,8271,8271
apodichthys flavidus,TRUE,55035,55035
apodichthys fucorum,TRUE,44843,44843
apostichopus californicus,TRUE,59936,59936
apostichopus leukothele,TRUE,46645,46645
apristurus brunneus,TRUE,53308,53308
aptocyclus ventricosus,TRUE,51570,14837
arabella iricolor,TRUE,33307,33307
archistes biseriatus,TRUE,2378,2378
arctoscopus japonicus,TRUE,7438,7438
arctozenus risso,TRUE,436539,67515
argonauta argo,TRUE,73605,50894
argyropelecus hemigymnus,TRUE,383457,26469
argyropelecus lychnus,TRUE,243990,24
aricidea lopezi,TRUE,59466,59466
aricidea wassi,TRUE,32927,32927
aristostomias scintillans,TRUE,431879,64749
aristostomias tittmanni,TRUE,80589,24
artedius corallinus,TRUE,24278,24278
artedius fenestralis,TRUE,58403,58403
artedius harringtoni,TRUE,56937,56937
artedius lateralis,TRUE,57938,57938
ascelichthys rhodorus,TRUE,56030,56030
asclerocheilus beringianus,TRUE,54132,54132
ascorhynchus japonicum,TRUE,1361,1361
asemichthys taylori,TRUE,58791,58791
aspidophoroides monopterygius,TRUE,37433,37433
asteronyx loveni,TRUE,9056,9056
asteroschema sublaeve,TRUE,413,413
astronesthes fedorovi,TRUE,267086,24
astyris rosacea,TRUE,49983,49983
atheresthes stomias,TRUE,45001,45001
atherinops affinis,TRUE,14926,11612
atlanta californiensis,TRUE,85089,45573
atractoscion nobilis,TRUE,39347,39347
aulorhynchus flavidus,TRUE,82589,68139
auxis rochei,TRUE,1966,1597
avocettina bowersii,TRUE,46552,0
avocettina infans,TRUE,338871,5737
aythya marila,TRUE,95340,74073
bajacalifornia megalops,TRUE,369738,14354
balaenoptera acutorostrata,TRUE,448081,78191
balaenoptera borealis,TRUE,353263,4508
balaenoptera musculus,TRUE,353263,4508
balaenoptera physalus,TRUE,405507,36970
balanophyllia elegans,TRUE,60398,60398
barbantus curvifrons,TRUE,371536,15697
barbourisia rufa,TRUE,15882,15882
bassozetus robustus,TRUE,0,0
bassozetus zenkevitchi,TRUE,265143,24
bathophilus filifer,TRUE,323012,743
bathophilus flemingi,TRUE,377032,17435
bathyagonus alascanus,TRUE,49355,49355
bathyagonus infraspinatus,TRUE,50402,50402
bathyagonus nigripinnis,TRUE,30556,30556
bathyagonus pentacanthus,TRUE,37748,37748
bathycongrus guttulatus,TRUE,208,208
bathylagus pacificus,TRUE,354023,8995
bathylychnops exilis,TRUE,352394,7439
bathymaster leurolepis,TRUE,38351,38351
bathymaster signatus,TRUE,43625,43625
bathyonus caudalis,TRUE,133,133
bathypallenopsis longiseta,TRUE,0,0
bathyraja abyssicola,TRUE,3401,3401
bathyraja aleutica,TRUE,24300,24300
bathyraja interrupta,TRUE,40973,40973
bathyraja lindbergi,TRUE,14713,14713
bathyraja parmifera,TRUE,19091,19091
bathyraja spinosissima,TRUE,259,259
bathyraja trachura,TRUE,6044,6044
bathyraja violacea,TRUE,20079,20079
bathysaurus mollis,TRUE,0,0
benthalbella dentata,TRUE,381958,21516
benthalbella infans,TRUE,252216,2094
benthalbella linguidens,TRUE,408845,43247
bentheogennema burkenroadi,TRUE,144544,47952
bentheogennema intermedia,TRUE,126939,0
benthesicymus crenatus,TRUE,54583,0
benthesicymus laciniatus,TRUE,105915,0
benthodesmus pacificus,TRUE,17141,7087
benthodytes sanguinolenta,TRUE,17,17
benthopecten claviger,TRUE,531,531
berardius bairdii,TRUE,353263,4508
beringraja binoculata,TRUE,50915,50915
beringraja inornata,TRUE,0,0
beringraja rhina,TRUE,50537,50537
beringraja stellulata,TRUE,20682,20682
bertella idiomorpha,TRUE,133,133
beryx decadactylus,TRUE,35081,35081
bispira crassicornis,TRUE,49459,49459
blepsias bilobus,TRUE,12,12
blepsias cirrhosus,TRUE,51988,51988
boccardiella hamata,TRUE,57016,57016
bolinia euryptera,TRUE,1937,1937
bolitaena pygmaea,TRUE,4103,8
bopyroides hippolytes,TRUE,8001,8001
boreogennema borealis,TRUE,201776,45250
boreomysis arctica,TRUE,7344,7344
boreotrophon clathratus,TRUE,33485,33485
borostomias panamensis,TRUE,345532,3103
bothragonus swanii,TRUE,59286,59286
bothrocara brunneum,TRUE,15258,15258
bothrocara molle,TRUE,18728,18728
bothrocara nyx,TRUE,179867,430
bothrocara pusillum,TRUE,8833,8833
bourneotrochus stellulatus,TRUE,0,0
brachycarpus biunguiculatus,TRUE,1830,1830
brachyistius frenatus,TRUE,59466,59466
brachyramphus brevirostris,TRUE,2909,1217
brachyramphus marmoratus,TRUE,378599,95883
bradabyssa villosa,TRUE,49764,49764
brama japonica,TRUE,373051,19946
brisaster latifrons,TRUE,47021,47021
brosmophycis marginata,TRUE,59956,59956
bryozoichthys lysimus,TRUE,9114,9114
bryozoichthys marjorius,TRUE,27754,27754
buccinum plectrum,TRUE,47211,47211
buccinum polare,TRUE,36027,36027
buccinum scalariforme,TRUE,25223,25223
bythograea microps,TRUE,0,0
bythograea thermydron,TRUE,0,0
cadlina luteomarginata,TRUE,60168,60168
cadlina sparsa,TRUE,36797,36797
calcigorgia spiculifera,TRUE,40517,40517
callipallene californiensis,TRUE,13026,13026
callorhinus ursinus,TRUE,12744,12744
calyptraea fastigiata,TRUE,58164,58164
cancer productus,TRUE,59770,59770
capheira sulcata,TRUE,463,463
capitella capitata,TRUE,37202,37202
carcharodon carcharias,TRUE,430781,65944
cardiomya pectinata,TRUE,59956,59956
careproctus bowersianus,TRUE,206,206
careproctus colletti,TRUE,17581,17581
careproctus cypselurus,TRUE,25257,25257
careproctus ectenes,TRUE,379,379
careproctus filamentosus,TRUE,133,133
careproctus furcellus,TRUE,8922,8922
careproctus gilberti,TRUE,39826,39826
careproctus longifilis,TRUE,461,461
careproctus lycopersicus,TRUE,2106,0
careproctus melanurus,TRUE,16920,16920
careproctus oregonensis,TRUE,0,0
careproctus simus,TRUE,601,601
caristius fasciatus,TRUE,422628,74972
caristius macropus,TRUE,396316,31397
caryophyllia atlantica,TRUE,0,0
caryophyllia diomedeae,TRUE,418,418
cataetyx simus,TRUE,1534,1534
caulophryne jordani,TRUE,362286,9634
caulophryne pelagica,TRUE,313208,140
caulophryne polynema,TRUE,327376,1608
cephalorhynchus heavisidii,TRUE,52228,27165
cepphus columba,TRUE,369981,96510
ceramaster clarki,TRUE,215,215
ceramaster japonicus,TRUE,16666,16666
ceramaster patagonicus,TRUE,50402,50402
ceratias holboelli,TRUE,351128,12572
ceratoscopelus townsendi,TRUE,176423,24
ceratostoma foliatum,TRUE,59742,59742
cerorhinca monocerata,TRUE,261293,69982
cetorhinus maximus,TRUE,466913,97023
chaetopterus variopedatus,TRUE,44538,44538
chaetozone setosa,TRUE,43065,43065
chascanopsetta prorigera,TRUE,0,0
chauliodus macouni,TRUE,381212,20783
chauliodus sloani,TRUE,381112,20743
cheiraster dawsoni,TRUE,33624,33624
chesnonia verrucosa,TRUE,58776,58776
chiasmodon subniger,TRUE,34245,0
chionoecetes opilio,TRUE,41286,41286
chirolophis decoratus,TRUE,59936,59936
chirolophis nugator,TRUE,59715,59715
chitonotus pugetensis,TRUE,59445,59445
chlamydoselachus anguineus,TRUE,24252,24252
chlidonias niger,TRUE,420,420
chlorophthalmus mento,TRUE,405,405
chrionema chryseres,TRUE,90,90
chromoplexaura marki,TRUE,32109,32109
cistenides hyperborea,TRUE,35335,35335
citharichthys sordidus,TRUE,50411,50411
citharichthys stigmaeus,TRUE,50537,50537
clangula hyemalis,TRUE,61698,40177
clathria pennata,TRUE,53919,53919
clevelandia ios,TRUE,56201,56201
clidoderma asperrimum,TRUE,18946,18946
clinocottus acuticeps,TRUE,60398,60398
clinocottus embryum,TRUE,60398,60398
clinocottus globiceps,TRUE,60398,60398
cliona californiana,TRUE,59956,59956
cliona celata,TRUE,41637,41637
cliona lobata,TRUE,27601,27601
clupea pallasii,TRUE,141394,93433
clymenella torquata,TRUE,26952,26952
coenocyathus bowersi,TRUE,14795,14795
colga pacifica,TRUE,37789,37789
cololabis saira,TRUE,449293,81089
colossendeis colossea,TRUE,133,133
colossendeis cucurbita,TRUE,0,0
colossendeis macerrima,TRUE,340685,3330
colossendeis minor,TRUE,17,17
compsomyax subdiaphana,TRUE,59532,59532
conocara salmoneum,TRUE,152861,0
corambe obscura,TRUE,59790,59790
corynactis californica,TRUE,49565,49565
coryphaenoides acrolepis,TRUE,3213,3213
coryphaenoides armatus,TRUE,322980,444
coryphaenoides cinereus,TRUE,8271,8271
coryphaenoides filifer,TRUE,478,478
coryphaenoides leptolepis,TRUE,133,133
coryphaenoides yaquinae,TRUE,0,0
coryphella verrucosa,TRUE,59768,59768
crangon franciscorum,TRUE,58173,58173
craniella arb,TRUE,42578,42578
crepidula adunca,TRUE,60326,60326
cribrinopsis fernaldi,TRUE,59965,59965
crossaster borealis,TRUE,6044,6044
crossaster papposus,TRUE,54021,54021
cryptacanthodes aleutensis,TRUE,47864,47864
cryptacanthodes giganteus,TRUE,54805,54805
cryptolithodes sitchensis,TRUE,58942,58942
cryptolithodes typicus,TRUE,59742,59742
cryptonatica affinis,TRUE,35259,35259
cryptopsaras couesii,TRUE,381112,20743
cubiceps paradoxus,TRUE,1044,0
cucumaria miniata,TRUE,62139,62139
cucumaria piperata,TRUE,48294,48294
cuthona perca,TRUE,52796,52796
cyclothone acclinidens,TRUE,361485,8662
cyclothone alba,TRUE,194698,32
cyclothone atraria,TRUE,254404,3061
cyclothone braueri,TRUE,380210,21505
cyclothone microdon,TRUE,381112,20743
cyclothone pallida,TRUE,200613,349
cyclothone pseudopallida,TRUE,351387,5225
cyclothone signata,TRUE,382749,38136
cyema atrum,TRUE,327467,1608
cylichna attonsa,TRUE,58449,58449
cylichnoides occultus,TRUE,53920,53920
cymatogaster aggregata,TRUE,59956,59956
danaphos oculatus,TRUE,14128,0
danaphryne nigrifilis,TRUE,3554,0
dasycottus setiger,TRUE,45373,45373
delphinapterus leucas,TRUE,249950,79098
delphinus delphis,TRUE,403005,34956
dendraster excentricus,TRUE,59770,59770
dendronotus frondosus,TRUE,58419,58419
dendronotus iris,TRUE,130840,93776
derichthys serpentinus,TRUE,426036,58298
dermasterias imbricata,TRUE,59936,59936
dermochelys coriacea,TRUE,444888,77090
desmophyllum dianthus,TRUE,28867,28867
desmophyllum pertusum,TRUE,6639,6639
diadumene cincta,TRUE,21890,21890
diadumene lineata,TRUE,59742,59742
diaphana californica,TRUE,52520,52520
diaphana minuta,TRUE,52303,52303
diaphoreolis viridis,TRUE,46939,46939
diaphus jenseni,TRUE,289381,24
diaphus pacificus,TRUE,347603,3960
diaphus parri,TRUE,317174,140
diaphus theta,TRUE,450621,82321
diaulula greeleyi,TRUE,33305,33305
diaulula sandiegensis,TRUE,51652,51652
dibranchus erinaceus,TRUE,733,733
dibranchus hystrix,TRUE,444,444
dibranchus nudivomer,TRUE,441,441
dibranchus spinosus,TRUE,741,741
dibranchus spongiosa,TRUE,225,225
diceratias pileatus,TRUE,322053,148
dicrolene filamentosa,TRUE,741,741
diopatra neapolitana,TRUE,5232,5232
diopatra ornata,TRUE,43752,43752
diplopteraster multipes,TRUE,34518,34518
dipolydora caulleryi,TRUE,59557,59557
dipolydora quadrilobata,TRUE,57393,57393
dipolydora socialis,TRUE,59956,59956
dipsacaster anoplus,TRUE,6271,6271
diretmoides pauciradiatus,TRUE,1114,0
dirona albolineata,TRUE,62421,62421
dodecaceria fewkesi,TRUE,58789,58789
dolichopteryx parini,TRUE,382471,21672
dolopichthys allector,TRUE,70640,627
dolopichthys longicornis,TRUE,173758,0
dolopichthys pullatus,TRUE,319237,543
doris montereyensis,TRUE,112580,112580
doto kya,TRUE,50129,50129
drilonereis longa,TRUE,59279,59279
dysidea fragilis,TRUE,8634,8634
echinarachnius parma,TRUE,49592,49592
ectreposebastes imus,TRUE,139169,32
eguchipsammia fistula,TRUE,208,208
elassochirus tenuimanus,TRUE,59956,59956
elassodiscus caudatus,TRUE,7201,7201
elassodiscus tremebundus,TRUE,1353,1353
electrona risso,TRUE,345901,11936
eleginus gracilis,TRUE,40065,40065
elysia cornigera,TRUE,17905,17905
embassichthys bathybius,TRUE,16920,16920
embiotoca lateralis,TRUE,56748,56748
engraulis mordax,TRUE,36206,22344
enhydra lutris,TRUE,52233,52233
enophrys bison,TRUE,58049,58049
enophrys diceraus,TRUE,41379,41379
enophrys lucasi,TRUE,18800,18800
enteroctopus dofleini,TRUE,53455,53455
entodesma navicula,TRUE,60398,60398
eopsetta jordani,TRUE,50537,50537
epiactis prolifera,TRUE,59286,59286
epitonium indianorum,TRUE,50738,50738
epitonium tinctum,TRUE,25182,25182
epizoanthus scotinus,TRUE,59742,59742
eptatretus deani,TRUE,17700,17700
eptatretus stoutii,TRUE,45737,45737
eretmichthys pinnatus,TRUE,0,0
erignathus barbatus,TRUE,26375,26375
erilepis zonifer,TRUE,38750,38750
eschrichtius robustus,TRUE,124891,85842
eualus gaimardii,TRUE,18553,18553
eubalaena japonica,TRUE,446736,78445
eubranchus olivaceus,TRUE,59065,59065
eucopia grimaldii,TRUE,93507,8673
eudistylia polymorpha,TRUE,59662,59662
eudistylia vancouveri,TRUE,59286,59286
eudorellopsis integra,TRUE,50167,50167
eulalia viridis,TRUE,59956,59956
eumesogrammus praecisus,TRUE,3631,1651
eumetopias jubatus,TRUE,54989,54989
eumicrotremus asperrimus,TRUE,26112,26112
eumicrotremus barbatus,TRUE,2378,2378
eumicrotremus gyrinops,TRUE,3304,3304
eumicrotremus orbis,TRUE,45773,45773
eumida sanguinea,TRUE,63273,63273
eunice norvegica,TRUE,46495,46495
eupentacta quinquesemita,TRUE,60398,60398
euphausia pacifica,TRUE,439371,70937
eupolymnia nebulosa,TRUE,57195,57195
eurymen gyrinus,TRUE,38495,38495
euspira pallida,TRUE,42922,42922
eusyllis blomstrandi,TRUE,11977,11977
evasterias troschelii,TRUE,59742,59742
evermannella indica,TRUE,315165,140
exogone dispar,TRUE,44795,44795
exogone lourei,TRUE,50188,50188
facciolella equatorialis,TRUE,61525,0
flabellinopsis iodinea,TRUE,33566,33566
florometra asperrima,TRUE,27347,27347
florometra serratissima,TRUE,45600,45600
fratercula cirrhata,TRUE,383159,26614
fratercula corniculata,TRUE,335961,34719
fulmarus glacialis,TRUE,449450,84980
fusitriton oregonensis,TRUE,50402,50402
gadus chalcogrammus,TRUE,50064,50064
gadus macrocephalus,TRUE,49029,49029
galacantha diomedeae,TRUE,0,0
galacantha rostrata,TRUE,0,0
galeorhinus galeus,TRUE,146409,94522
gardinerosergia bigemmea,TRUE,408709,44266
gardinerosergia gardineri,TRUE,171926,3706
gasterosteus aculeatus,TRUE,115727,88819
gastropteron pacificum,TRUE,141051,85314
gavia adamsii,TRUE,193969,93453
gavia immer,TRUE,237068,97362
gavia pacifica,TRUE,139325,85335
gavia stellata,TRUE,193101,71634
gennadas bouvieri,TRUE,317598,1961
gennadas scutatus,TRUE,255504,394
gephyreaster swifti,TRUE,50033,50033
gephyroberyx japonicus,TRUE,31601,10795
gersemia fruticosa,TRUE,11750,11750
gersemia rubiformis,TRUE,44304,44304
gibberichthys latifrons,TRUE,0,0
gibbonsia metzi,TRUE,4056,4056
gibbonsia montereyensis,TRUE,2583,2583
gigantactis gargantua,TRUE,328239,1719
gigantactis macronema,TRUE,335249,763
gigantactis perlatus,TRUE,312998,627
gigantactis vanhoeffeni,TRUE,333343,3602
glebocarcinus oregonensis,TRUE,59910,59910
glycera americana,TRUE,59466,59466
glycera capitata,TRUE,98269,76793
glycera tesselata,TRUE,8271,8271
glycera unicornis,TRUE,16030,16030
glyphohesione klatti,TRUE,20488,20488
glyptocephalus zachirus,TRUE,50033,50033
gnathophis nystromi,TRUE,4741,4741
gnathophylloides mineri,TRUE,19804,19804
gnorimosphaeroma oregonense,TRUE,56937,56937
gobiesox maeandricus,TRUE,59173,59173
goniada maculata,TRUE,59523,59523
gorgonocephalus eucnemis,TRUE,39862,39862
grampus griseus,TRUE,269020,28734
gymnelus viridis,TRUE,28224,28224
gymnocanthus detrisus,TRUE,13985,13985
gymnocanthus galeatus,TRUE,38014,38014
gymnocanthus pistilliger,TRUE,44093,44093
halargyreus johnsonii,TRUE,16757,6040
halichondria panicea,TRUE,59532,59532
haliclona cinerea,TRUE,49513,49513
halieutopsis bathyoreos,TRUE,416,416
haliphron atlanticus,TRUE,358057,15697
hallaxa chani,TRUE,34682,34682
halosaurus radiatus,TRUE,36687,4940
hedgpethia chitinosa,TRUE,5981,5981
hemilepidotus gilberti,TRUE,29655,29655
hemilepidotus hemilepidotus,TRUE,50411,50411
hemilepidotus papilio,TRUE,26172,26172
hemilepidotus spinosus,TRUE,49374,49374
hemipenaeus carpenteri,TRUE,0,0
hemitripterus bolini,TRUE,23396,23396
hemitripterus villosus,TRUE,45531,45531
henricia leviuscula,TRUE,59910,59910
henricia sanguinolenta,TRUE,37289,37289
hermissenda crassicornis,TRUE,62471,62471
hermundura fauveli,TRUE,45032,45032
hesionura elongata,TRUE,10405,2806
heterocarpus laevigatus,TRUE,0,0
heteromastus filiformis,TRUE,57252,57252
heterophotus ophistoma,TRUE,293389,24
heterosquilloides insignis,TRUE,959,959
heteroteuthis serventyi,TRUE,0,0
hexagrammos decagrammus,TRUE,49841,49841
hexagrammos lagocephalus,TRUE,49741,49741
hexagrammos octogrammus,TRUE,39740,39740
hexagrammos stelleri,TRUE,49733,49733
hexanchus griseus,TRUE,41701,41701
himantolophus rostratus,TRUE,232141,0
himantolophus sagamius,TRUE,351437,5822
hippasteria californica,TRUE,10616,10616
hippasteria lepidonotus,TRUE,6027,6027
hippasteria phrygiana,TRUE,50537,50537
hippoglossoides elassodon,TRUE,21884,21884
hippoglossoides robustus,TRUE,15134,15134
hippoglossus stenolepis,TRUE,36980,36980
hippomedon denticulatus,TRUE,49450,49450
histiobranchus bathybius,TRUE,303211,24
histrionicus histrionicus,TRUE,217249,94679
histriophoca fasciata,TRUE,30076,30076
holtbyrnia innesi,TRUE,414448,46612
holtbyrnia latifrons,TRUE,52021,7831
hoplostethus mento,TRUE,11858,738
howella brodiei,TRUE,344214,2558
howella parini,TRUE,277509,1470
howella zina,TRUE,307251,24
humilaria kennerleyi,TRUE,59105,59105
hydrobates furcatus,TRUE,456369,86479
hydroides norvegica,TRUE,44205,44205
hydroprogne caspia,TRUE,148,148
hymenaster quadrispinosus,TRUE,758,758
hymenocephalus aterrimus,TRUE,28044,12284
hymenodora frontalis,TRUE,135263,14350
hymenodora glacialis,TRUE,218576,104
hymenodora gracilis,TRUE,51740,0
hymenopenaeus doris,TRUE,141,141
hymenopenaeus halli,TRUE,358,358
hyperprosopon argenteum,TRUE,9375,9375
hyperprosopon ellipticum,TRUE,58766,58766
hypomesus pretiosus,TRUE,126999,93095
hypsagonus quadricornis,TRUE,25598,25598
ianiropsis kincaidi,TRUE,52909,52909
icelinus borealis,TRUE,50411,50411
icelinus burchami,TRUE,53794,53794
icelinus filamentosus,TRUE,56333,56333
icelinus fimbriatus,TRUE,55647,55647
icelinus tenuis,TRUE,51115,51115
icelus canaliculatus,TRUE,9094,9094
icelus spatula,TRUE,10454,10454
icelus spiniger,TRUE,36244,36244
ichthyococcus elongatus,TRUE,379724,18607
icichthys lockingtoni,TRUE,442506,74375
icosteus aenigmaticus,TRUE,415784,82321
idotea rufescens,TRUE,100667,79501
idotea urotoma,TRUE,105320,83113
isopsetta isolepis,TRUE,49721,49721
isurus oxyrinchus,TRUE,155668,32
japetella diaphana,TRUE,214560,15697
javania cailleti,TRUE,9658,9658
javania lamprotichum,TRUE,0,0
joeropsis dubia,TRUE,31491,31491
jordania zonope,TRUE,54111,54111
kali macrura,TRUE,109860,0
kogia breviceps,TRUE,350502,25526
kuronezumia bubonis,TRUE,8706,1527
lacuna vincta,TRUE,59956,59956
laemonema robustum,TRUE,116,116
laetmonice producta,TRUE,0,0
lagenorhynchus obliquidens,TRUE,403298,35445
lagocephalus lagocephalus,TRUE,83273,52479
lamellibrachia barhami,TRUE,430,430
lamna ditropis,TRUE,280789,78688
lampadena urophaos,TRUE,34245,0
lampadena yaquinae,TRUE,346627,5679
lampanyctus acanthurus,TRUE,262253,24
lampanyctus jordani,TRUE,342690,6617
lampanyctus omostigma,TRUE,317174,140
lampanyctus ritteri,TRUE,404120,44756
lampris guttatus,TRUE,434454,68428
lamprogrammus brunswigi,TRUE,19395,0
lanice conchilega,TRUE,59505,59505
laonice cirrata,TRUE,59901,59901
larus californicus,TRUE,10627,9420
larus canus,TRUE,173384,88658
larus delawarensis,TRUE,1294,1294
larus glaucescens,TRUE,346566,97362
larus glaucoides,TRUE,12331,12331
larus heermanni,TRUE,34861,14373
larus hyperboreus,TRUE,122882,81304
larus occidentalis,TRUE,13597,12153
larus philadelphia,TRUE,167905,94900
larus smithsonianus,TRUE,11272,11272
lasiognathus beebei,TRUE,378945,23341
lebbeus grandimanus,TRUE,53644,53644
lebbeus groenlandicus,TRUE,32222,32222
lebbeus polaris,TRUE,21244,21244
leodice australis,TRUE,0,0
lepidogobius lepidus,TRUE,59443,59443
lepidonotopodium piscesae,TRUE,0,0
lepidopsetta bilineata,TRUE,52332,52332
lepidopsetta polyxystra,TRUE,44414,44414
leptasterias polaris,TRUE,41613,41613
leptocephalus giganteus,TRUE,0,0
leptochilichthys agassizii,TRUE,17737,0
leptoclinus maculatus,TRUE,46671,46671
leptocottus armatus,TRUE,59956,59956
leptychaster anomalus,TRUE,32554,32554
leptychaster arcticus,TRUE,18070,18070
leptychaster pacificus,TRUE,53814,53814
lestidiops pacificus,TRUE,3624,0
lestidiops ringens,TRUE,235502,44672
lestidiops sphyraenopsis,TRUE,411656,47263
leukoma staminea,TRUE,60398,60398
leuroglossus schmidti,TRUE,204826,11882
leuroglossus stilbius,TRUE,440571,72121
limanda aspera,TRUE,35142,35142
limanda proboscidea,TRUE,24802,24802
limneria prolongata,TRUE,55112,55112
limnoria lignorum,TRUE,60398,60398
limnoria tripunctata,TRUE,5894,5894
linophryne coronata,TRUE,360815,11483
linophryne pennibarbata,TRUE,121837,1234
liocyma fluctuosa,TRUE,8458,8458
liparis callyodon,TRUE,49134,49134
liparis cyclopus,TRUE,59956,59956
liparis dennyi,TRUE,56333,56333
liparis florae,TRUE,59286,59286
liparis fucensis,TRUE,29601,29601
liparis gibbus,TRUE,29504,29504
liparis mucosus,TRUE,53568,53568
liparis ochotensis,TRUE,40151,40151
liparis pulchellus,TRUE,59956,59956
liparis rutteri,TRUE,59742,59742
lipariscus nanus,TRUE,130566,82135
lipolagus ochotensis,TRUE,347603,3960
lirobittium attenuatum,TRUE,59742,59742
lissodelphis borealis,TRUE,346731,2744
lithodes aequispinus,TRUE,5570,5570
littorina keenae,TRUE,26897,26897
lobianchia gemellarii,TRUE,268149,5848
lophaster furcilliger,TRUE,49749,49749
lophodolos indicus,TRUE,181084,0
lopholithodes mandtii,TRUE,58419,58419
lophotus capellei,TRUE,338871,5737
loxorhynchus crispatus,TRUE,27953,27953
luciobrotula bartschi,TRUE,31200,6710
luidia foliolata,TRUE,50537,50537
lumbrineris inflata,TRUE,59612,59612
lumbrineris japonica,TRUE,59910,59910
lumbrineris latreilli,TRUE,35397,35397
lumpenella longirostris,TRUE,36758,36758
lumpenopsis hypochroma,TRUE,115294,88386
lumpenus fabricii,TRUE,6314,6314
lumpenus sagitta,TRUE,128700,84164
luvarus imperialis,TRUE,286855,3951
lycenchelys camchatica,TRUE,7359,7359
lycenchelys crotalinus,TRUE,10428,10428
lycenchelys jordani,TRUE,1521,1521
lycenchelys micropora,TRUE,251,251
lycenchelys pearcyi,TRUE,17,17
lycenchelys porifer,TRUE,124,124
lycenchelys rassi,TRUE,124,124
lycenchelys ratmanovi,TRUE,125,125
lycodapus dermatinus,TRUE,15416,15416
lycodapus endemoscotus,TRUE,337935,6115
lycodapus fierasfer,TRUE,421668,54306
lycodapus mandibularis,TRUE,157646,71217
lycodapus pachysoma,TRUE,332046,1182
lycodapus parviceps,TRUE,170599,83705
lycodapus poecilus,TRUE,215,215
lycodapus psarostomatus,TRUE,1839,1839
lycodes beringi,TRUE,14338,14338
lycodes brevipes,TRUE,45462,45462
lycodes brunneofasciatus,TRUE,1839,1839
lycodes cortezianus,TRUE,44610,44610
lycodes diapterus,TRUE,28584,28584
lycodes pacificus,TRUE,59532,59532
lycodes palearis,TRUE,43861,43861
lyconema barbatum,TRUE,24258,24258
lyonsia californica,TRUE,59788,59788
lyopsetta exilis,TRUE,48139,48139
lysidice ninetta,TRUE,3999,3999
lysmata californica,TRUE,16591,16591
macropinna microstoma,TRUE,418167,52177
macroramphosus scolopax,TRUE,36075,36075
macroregonia macrochira,TRUE,133,133
madrepora oculata,TRUE,3114,3114
magnisudis atlantica,TRUE,383040,22087
malacocottus aleuticus,TRUE,70097,28470
malacocottus kincaidi,TRUE,45323,45323
malacocottus zonurus,TRUE,23876,23876
malacosteus niger,TRUE,314013,6790
maldane glebifex,TRUE,40402,40402
maldane sarsi,TRUE,11981,11981
mallotus villosus,TRUE,458802,89223
malthopsis gigas,TRUE,116,116
malthopsis mitrigera,TRUE,116,116
maulisia acuticeps,TRUE,46732,24
maulisia argipalla,TRUE,357404,7127
maurolicus muelleri,TRUE,333125,35223
mediaster aequalis,TRUE,58484,58484
mediomastus ambiseta,TRUE,50246,50246
mediomastus californiensis,TRUE,59065,59065
megalocottus platycephalus,TRUE,32861,32861
megaptera novaeangliae,TRUE,453384,83494
melamphaes acanthomus,TRUE,12241,0
melamphaes lugubris,TRUE,431341,63377
melanitta americana,TRUE,107675,83143
melanitta deglandi,TRUE,131567,82292
melanitta perspicillata,TRUE,72049,61231
melanocetus johnsonii,TRUE,86405,32
melanolagus bericoides,TRUE,370958,14164
melanostigma pammelas,TRUE,232266,9216
melanostomias bartonbeani,TRUE,83983,24
melinna elisabethae,TRUE,27580,27580
meningodora mollis,TRUE,291834,7774
mentodus facilis,TRUE,322053,148
mergus merganser,TRUE,12346,12346
mergus serrator,TRUE,116087,67400
merluccius productus,TRUE,114016,21684
mesocentrotus franciscanus,TRUE,59956,59956
mesochaetopterus taylori,TRUE,55075,55075
mesoplodon carlhubbsi,TRUE,304572,35445
mesoplodon densirostris,TRUE,203385,1421
mesoplodon ginkgodens,TRUE,235333,12947
mesoplodon stejnegeri,TRUE,254351,37528
metacarcinus gracilis,TRUE,59279,59279
metacarcinus magister,TRUE,59910,59910
metridium farcimen,TRUE,59956,59956
metridium senile,TRUE,60398,60398
meyenaster gelatinosus,TRUE,14486,14486
michelopagurus limatulus,TRUE,0,0
microcottus sellaris,TRUE,45659,45659
microgadus proximus,TRUE,59956,59956
microlophichthys microlophus,TRUE,317174,140
microstoma microstoma,TRUE,88073,24
microstomus pacificus,TRUE,43254,43254
mirounga angustirostris,TRUE,398608,31727
mola mola,TRUE,463355,93465
monocorophium acherusicum,TRUE,36989,36989
monocorophium insidiosum,TRUE,57132,57132
monomitopus torvus,TRUE,116,116
mugil cephalus,TRUE,65236,49222
munida quadrispina,TRUE,58514,58514
muricea californica,TRUE,26213,26213
muricea fruticosa,TRUE,40038,40038
muusoctopus hokkaidensis,TRUE,24228,24228
muusoctopus leioderma,TRUE,52964,52964
muusoctopus profundorum,TRUE,10457,10457
myoxocephalus polyacanthocephalus,TRUE,29985,29985
myoxocephalus quadricornis,TRUE,18526,18526
myoxocephalus stelleri,TRUE,36460,36460
mytilimeria nuttalli,TRUE,54173,54173
myxicola infundibulum,TRUE,50402,50402
myxilla incrustans,TRUE,50330,50330
myxine circifrons,TRUE,1790,1790
myxine hubbsi,TRUE,413,413
myxoderma sacculatum,TRUE,1259,1259
naineris grubei,TRUE,17345,17345
nannobrachium crypticum,TRUE,173160,0
nannobrachium gibbsi,TRUE,2599,0
nannobrachium regale,TRUE,354052,7060
nansenia candida,TRUE,417624,49495
narcetes stomias,TRUE,177830,3079
nautichthys oculofasciatus,TRUE,59956,59956
nautichthys pribilovius,TRUE,38796,38796
nautichthys robustus,TRUE,50692,50692
nealotus tripes,TRUE,3624,0
nearchaster aciculosus,TRUE,3196,3196
nearchaster variabilis,TRUE,26059,26059
nectoliparis pelagicus,TRUE,247791,88097
nematobrachion flexipes,TRUE,25322,11565
nematocarcinus combensis,TRUE,7444,0
nemichthys larseni,TRUE,3624,0
nemichthys scolopaceus,TRUE,444312,75962
neoscopelus macrolepidotus,TRUE,332591,6702
neotrypaea californiensis,TRUE,58942,58942
neotrypaea gigas,TRUE,17687,17687
nephtys incisa,TRUE,59956,59956
nephtys paradoxa,TRUE,31037,31037
neptunea lyrata,TRUE,59956,59956
nereiphylla castanea,TRUE,50906,50906
nereis callaona,TRUE,11010,11010
nereis pelagica,TRUE,59742,59742
nereis zonata,TRUE,49304,49304
nettastoma solitarium,TRUE,24136,6990
neverita lewisii,TRUE,59157,59157
nezumia stelgidolepis,TRUE,18,18
nicolea zostericola,TRUE,37786,37786
nicomache venticola,TRUE,0,0
notacanthus abbotti,TRUE,25945,8041
notacanthus chemnitzii,TRUE,250557,73761
notaulax phaeotaenia,TRUE,26475,26475
nothria conchylega,TRUE,14095,14095
notolychnus valdiviae,TRUE,39919,0
notomastus latericeus,TRUE,8271,8271
notomastus tenuis,TRUE,31484,31484
notoscopelus resplendens,TRUE,310541,128
notostomus elegans,TRUE,132830,0
notostomus gibbosus,TRUE,52332,0
nutricola lordi,TRUE,59742,59742
nutricola tantilla,TRUE,58219,58219
nymphon brevitarse,TRUE,53929,53929
nymphon grossipes,TRUE,42970,42970
nymphon pixellae,TRUE,59956,59956
oceanodroma leucorhoa,TRUE,442136,73624
octopus bimaculatus,TRUE,13575,13575
octopus rubescens,TRUE,59612,59612
ocythoe tuberculata,TRUE,103085,73760
odobenus rosmarus,TRUE,51652,51652
odontopyxis trispinosa,TRUE,59532,59532
odontostomops normalops,TRUE,164160,0
oenopota pyramidalis,TRUE,31124,31124
okenia plana,TRUE,45588,45588
oligocottus maculosus,TRUE,59954,59954
oligocottus rimensis,TRUE,58609,58609
oligocottus snyderi,TRUE,51219,51219
onchidoris bilamellata,TRUE,59742,59742
onchidoris muricata,TRUE,59742,59742
oncorhynchus clarkii,TRUE,59956,59956
oncorhynchus gorbuscha,TRUE,59956,59956
oncorhynchus keta,TRUE,130840,93776
oncorhynchus kisutch,TRUE,130840,93776
oncorhynchus mykiss,TRUE,130840,93776
oncorhynchus nerka,TRUE,130840,93776
oncorhynchus tshawytscha,TRUE,139709,93811
oneirodes acanthias,TRUE,338224,2446
oneirodes bulbosus,TRUE,366156,14238
oneirodes eschrichtii,TRUE,281646,128
oneirodes luetkeni,TRUE,329794,156
oneirodes rosenblatti,TRUE,9965,0
oneirodes thompsoni,TRUE,369465,13993
onychoprion aleuticus,TRUE,0,0
opalia wroblewskyi,TRUE,50234,50234
ophelia denticulata,TRUE,5027,5027
ophelina acuminata,TRUE,59956,59956
ophelina cylindricaudata,TRUE,56252,56252
ophiacantha bathybia,TRUE,1812,1812
ophiacantha diplasia,TRUE,32901,32901
ophiacantha eurypoma,TRUE,240,240
ophiacantha rhachophora,TRUE,10328,10328
ophiocten hastatum,TRUE,776,776
ophiodon elongatus,TRUE,50537,50537
ophiolamina eprae,TRUE,0,0
ophiolimna bairdi,TRUE,1277,1277
ophiomusa lymani,TRUE,10445,10445
ophiopholis aculeata,TRUE,57057,57057
ophiopholis bakeri,TRUE,44287,44287
ophiopholis japonica,TRUE,33229,33229
ophiopholis kennerlyi,TRUE,59566,59566
ophiopholis longispina,TRUE,8246,8246
ophiophthalmus cataleimmoidus,TRUE,16052,16052
ophiophthalmus normani,TRUE,19001,19001
ophioplocus esmarki,TRUE,40314,40314
ophiopteris papillosa,TRUE,5282,5282
ophiosphalma glabrum,TRUE,776,776
ophiosphalma jolliense,TRUE,35831,35831
ophiothrix koreana,TRUE,15502,15502
ophiothrix spiculata,TRUE,29402,29402
ophiura cryptolepis,TRUE,999,999
ophiura flagellata,TRUE,14638,14638
ophiura leptoctenia,TRUE,25770,25770
ophiura luetkenii,TRUE,53830,53830
ophiura sarsii,TRUE,30651,30651
ophiuroglypha irrorata,TRUE,709,709
ophiuroglypha kinbergi,TRUE,58131,58131
ophryotrocha globopalpata,TRUE,17,17
opisthocentrus ocellatus,TRUE,23982,23982
opisthoproctus soleatus,TRUE,18157,0
opisthoteuthis californiana,TRUE,31646,31646
opostomias mitsuii,TRUE,401984,38476
orchomenella obtusa,TRUE,58001,58001
orcinus orca,TRUE,433062,63396
oregonia gracilis,TRUE,51202,51202
orthasterias koehleri,TRUE,50402,50402
osmerus dentex,TRUE,118756,80811
osmerus mordax,TRUE,460275,90481
osteodiscus cascadiae,TRUE,133,133
owenia fusiformis,TRUE,59374,59374
oxylebius pictus,TRUE,59742,59742
pachycara bulbiceps,TRUE,17,17
pachycara lepinium,TRUE,469,469
pachycerianthus fimbriatus,TRUE,58384,58384
paciocinebrina interfossa,TRUE,49723,49723
paciocinebrina lurida,TRUE,56432,56432
paelopatides confundens,TRUE,124,124
paguristes ulreyi,TRUE,50214,50214
palaemonella holmesi,TRUE,1602,1602
pallasina barbata,TRUE,59279,59279
pandalus borealis,TRUE,138438,82964
pandalus danae,TRUE,59899,59899
pandalus dispar,TRUE,48548,48548
pandalus eous,TRUE,8145,8145
pandalus goniurus,TRUE,55272,55272
pandalus hypsinotus,TRUE,59532,59532
pandalus jordani,TRUE,48139,48139
pandalus stenolepis,TRUE,54173,54173
pandalus tridens,TRUE,36129,36129
pandora bilirata,TRUE,59956,59956
pandora filosa,TRUE,59532,59532
pandora glacialis,TRUE,59532,59532
pandora wardiana,TRUE,50528,50528
pantomus affinis,TRUE,396,396
parabothus coarctatus,TRUE,0,0
paracaudina chilensis,TRUE,49029,49029
paracyathus stearnsii,TRUE,38539,38539
paraliparis cephalus,TRUE,6044,6044
paraliparis dactylosus,TRUE,3188,3188
paraliparis deani,TRUE,47395,47395
paraliparis paucidens,TRUE,223,223
paraliparis pectoralis,TRUE,3196,3196
paraliparis rosaceus,TRUE,776,776
paraliparis ulochir,TRUE,413,413
paralithodes brevipes,TRUE,41238,41238
paralithodes camtschaticus,TRUE,30423,30423
paralithodes platypus,TRUE,4220,4220
paralomis verrilli,TRUE,413,413
paranaitis polynoides,TRUE,40974,40974
paraonis fulgens,TRUE,54441,54441
parapasiphae sulcatifrons,TRUE,86383,0
parapontophilus longirostris,TRUE,0,0
paraprionospio pinnata,TRUE,23213,23213
parataeniophorus brevis,TRUE,383097,24455
paricelinus hopliticus,TRUE,58990,58990
parophrys vetulus,TRUE,50537,50537
parvilux boschmai,TRUE,205713,0
pasiphaea pacifica,TRUE,48139,48139
pasiphaea tarda,TRUE,53240,18217
patiria miniata,TRUE,49741,49741
paucibranchia bellii,TRUE,30995,30995
pectinaster agassizi,TRUE,2942,2942
pedicellaster magister,TRUE,35597,35597
pelecanus occidentalis,TRUE,0,0
peltodoris nobilis,TRUE,113971,113971
pennatula phosphorea,TRUE,59956,59956
pentaceros wheeleri,TRUE,72422,27425
pentacheles laevis,TRUE,2002,2002
pentamera chiloensis,TRUE,41384,41384
pentherichthys atratus,TRUE,317265,140
pentidotea wosnesenskii,TRUE,99418,77942
peprilus simillimus,TRUE,47816,39342
percis japonica,TRUE,2387,2387
peristedion crustosum,TRUE,405,405
petricola carditoides,TRUE,50188,50188
petricolaria pholadiformis,TRUE,59742,59742
phalacrocorax auritus,TRUE,7149,7149
phanerodon furcatus,TRUE,9375,9375
pherusa plumosa,TRUE,37786,37786
phidiana hiltoni,TRUE,34137,34137
philine auriformis,TRUE,42066,42066
philine polystrigma,TRUE,35659,35659
philinorbis albus,TRUE,49363,49363
phoca largha,TRUE,29130,29130
phoca vitulina,TRUE,58215,58215
phocoena phocoena,TRUE,118555,88014
phocoenoides dalli,TRUE,449478,81028
phoebastria albatrus,TRUE,453470,83580
phoebastria immutabilis,TRUE,408107,43769
phoebastria nigripes,TRUE,453915,84025
pholis clemensi,TRUE,59742,59742
pholis laeta,TRUE,59742,59742
pholis ornata,TRUE,59231,59231
pholis schultzi,TRUE,28761,28761
pholoe minuta,TRUE,21291,21291
photocorynus spiniceps,TRUE,230200,0
photostylus pycnopterus,TRUE,234223,0
phoxichilidium femoratum,TRUE,59293,59293
phtisica marina,TRUE,148111,84866
phyllochaetopterus prolifica,TRUE,62307,62307
phyllodoce groenlandica,TRUE,53455,53455
phyllodoce longipes,TRUE,59901,59901
phyllodoce mucosa,TRUE,59742,59742
phyllolithodes papillosus,TRUE,60122,60122
phyllorhinichthys micractis,TRUE,303211,24
phymactis clematis,TRUE,40092,40092
phymactis papillosa,TRUE,29861,29861
physeter macrocephalus,TRUE,348081,2744
phytichthys chirus,TRUE,60168,60168
pileolaria berkeleyana,TRUE,4062,4062
pione vastifica,TRUE,2135,2135
pisaster brevispinus,TRUE,59936,59936
pisaster giganteus,TRUE,35852,35852
pisaster ochraceus,TRUE,59770,59770
pisione remota,TRUE,52691,52691
pisoides edwardsii,TRUE,21820,21820
pista brevibranchiata,TRUE,36773,36773
pista cristata,TRUE,50900,50900
pista maculata,TRUE,59267,59267
placida dendritica,TRUE,47660,47660
platichthys stellatus,TRUE,59910,59910
platynereis dumerilii,TRUE,46158,46158
platytroctes apus,TRUE,317174,140
plectobranchus evides,TRUE,49830,49830
plesionika bifurca,TRUE,839,839
plesionika reflexa,TRUE,116,116
plesionika spinipes,TRUE,762,762
plesionika williamsi,TRUE,0,0
pleurocorallium secundum,TRUE,0,0
pleurogonium rubicundum,TRUE,59901,59901
pleurogrammus monopterygius,TRUE,27782,27782
pleuronichthys coenosus,TRUE,59532,59532
pleuronichthys decurrens,TRUE,50411,50411
podiceps auritus,TRUE,122216,80144
podiceps grisegena,TRUE,298718,97350
podiceps nigricollis,TRUE,12713,11530
podothecus accipenserinus,TRUE,48707,48707
polyacanthonotus challengeri,TRUE,326896,996
polycera hedgpethi,TRUE,13061,13061
polydora cornuta,TRUE,54998,54998
polymastia pacifica,TRUE,49640,49640
polyophthalmus pictus,TRUE,5359,5359
polypera greeni,TRUE,59865,59865
poraniopsis inflata,TRUE,45940,45940
porichthys notatus,TRUE,59965,59965
poroclinus rothrocki,TRUE,49712,49712
poromitra crassiceps,TRUE,373560,16111
poromitra curilensis,TRUE,134893,15697
praxillella gracilis,TRUE,30583,30583
prionace glauca,TRUE,432922,68374
prionospio cirrifera,TRUE,28175,28175
prionospio malmgreni,TRUE,59532,59532
prionospio steenstrupi,TRUE,59956,59956
protodorvillea kefersteini,TRUE,37802,37802
protomyctophum crockeri,TRUE,34245,0
protomyctophum thompsoni,TRUE,345513,7118
psathyrometra fragilis,TRUE,7654,7654
psettichthys melanostictus,TRUE,51997,51997
pseudarchaster alascensis,TRUE,25772,25772
pseudarchaster dissonus,TRUE,461,461
pseudarchaster parelii,TRUE,28350,28350
pseudobathylagus milleri,TRUE,351031,4518
pseudopallene circularis,TRUE,48916,48916
pseudopolydora kempi,TRUE,50718,50718
pseudorca crassidens,TRUE,151321,2333
pseudostichopus mollis,TRUE,0,0
pseudosuberites montiniger,TRUE,33212,33212
psilaster pectinatus,TRUE,141,141
psolus chitonoides,TRUE,59954,59954
psolus squamatus,TRUE,45462,45462
psychrolutes paradoxus,TRUE,47502,47502
psychrolutes phrictus,TRUE,3213,3213
psychrolutes sigalutes,TRUE,59956,59956
pteraster jordani,TRUE,22485,22485
pteraster marsippus,TRUE,26040,26040
pteraster militaris,TRUE,14249,14249
pteraster tesselatus,TRUE,59532,59532
pterodroma inexpectata,TRUE,324495,75
pterodroma solandri,TRUE,0,0
pterodroma ultima,TRUE,291415,24
ptilichthys goodei,TRUE,50411,50411
ptilosarcus gurneyi,TRUE,50904,50904
ptychoramphus aleuticus,TRUE,367329,76420
puffinus bulleri,TRUE,443863,75486
puffinus griseus,TRUE,454893,85003
puffinus tenuirostris,TRUE,454922,85032
pugettia foliata,TRUE,46924,46924
pugettia producta,TRUE,58643,58643
pugettia richii,TRUE,46906,46906
pungitius pungitius,TRUE,115274,88366
pusa hispida,TRUE,40657,40657
pycnogonum stearnsi,TRUE,4884,4884
pycnopodia helianthoides,TRUE,59910,59910
radulinus asprellus,TRUE,50537,50537
radulinus boleoides,TRUE,59445,59445
rathbunaster californicus,TRUE,32554,32554
regalecus glesne,TRUE,448410,93898
regalecus russelii,TRUE,167029,24
reinhardtius hippoglossoides,TRUE,123157,28308
remora brachyptera,TRUE,169550,24
retusa obtusa,TRUE,55612,55612
rhacochilus vacca,TRUE,59742,59742
rhadinesthes decimus,TRUE,263525,24
rhamphocottus richardsonii,TRUE,59956,59956
rhinogobiops nicholsii,TRUE,59101,59101
rhinoliparis attenuatus,TRUE,4417,4417
rhinoliparis barbulifer,TRUE,3430,3430
rhodymenichthys dolichogaster,TRUE,83800,58758
rhynchactis leptonema,TRUE,299314,24
rictaxis punctocaelatus,TRUE,59279,59279
ridgeia piscesae,TRUE,116,116
riftia pachyptila,TRUE,17,17
rimicola muscarum,TRUE,48108,48108
rissa brevirostris,TRUE,218509,2828
rissa tridactyla,TRUE,392512,31031
robustosergia regalis,TRUE,581,0
rocinela angustata,TRUE,43026,43026
rocinela belliceps,TRUE,54507,54507
rocinela propodialis,TRUE,45523,45523
romaleon branneri,TRUE,49216,49216
romaleon jordani,TRUE,1407,1407
rondeletia loricata,TRUE,372964,15625
ronquilus jordani,TRUE,50906,50906
rossia pacifica,TRUE,58808,58808
rouleina attrita,TRUE,321568,8996
ruscarius meanyi,TRUE,50188,50188
saccogaster tuberculata,TRUE,116,116
saccopharynx lavenbergi,TRUE,335485,731
saduria entomon,TRUE,49446,49446
sagamichthys abei,TRUE,434145,66014
sagenaster evermanni,TRUE,4965,4965
salmacina tribranchiata,TRUE,44319,44319
salvatoria clavata,TRUE,53556,53556
salvelinus alpinus,TRUE,83646,62549
salvelinus malma,TRUE,123441,91692
sarda lineolata,TRUE,105894,83685
sardinops sagax,TRUE,86665,61293
sarritor leptorhynchus,TRUE,21568,21568
saxidomus gigantea,TRUE,59742,59742
scabrotrophon maltzani,TRUE,56065,56065
scabrotrophon stuarti,TRUE,50904,50904
scalibregma inflatum,TRUE,38670,38670
scalicus hians,TRUE,592,592
scintillosergia scintillans,TRUE,64287,11439
scolelepis squamata,TRUE,60030,60030
scoletoma tenuis,TRUE,59938,59938
scoloplos acmeceps,TRUE,59742,59742
scomber japonicus,TRUE,117370,73398
scopelarchus analis,TRUE,112840,32
scopeloberyx opisthopterus,TRUE,237175,0
scopeloberyx robustus,TRUE,90078,24
scopelosaurus adleri,TRUE,385491,32358
scopelosaurus harryi,TRUE,457008,87118
scorpaenichthys marmoratus,TRUE,54183,54183
scyra acutifrons,TRUE,59770,59770
scytalina cerdale,TRUE,54024,54024
sebastes aleutianus,TRUE,43861,43861
sebastes alutus,TRUE,39925,39925
sebastes auriculatus,TRUE,59612,59612
sebastes aurora,TRUE,17619,17619
sebastes babcocki,TRUE,45000,45000
sebastes borealis,TRUE,36088,36088
sebastes brevispinis,TRUE,49742,49742
sebastes caurinus,TRUE,55112,55112
sebastes crameri,TRUE,49051,49051
sebastes diploproa,TRUE,53113,53113
sebastes elongatus,TRUE,57397,57397
sebastes emphaeus,TRUE,59910,59910
sebastes entomelas,TRUE,128478,81932
sebastes flavidus,TRUE,50411,50411
sebastes goodei,TRUE,12912,12912
sebastes helvomaculatus,TRUE,49713,49713
sebastes jordani,TRUE,38012,38012
sebastes maliger,TRUE,62961,62961
sebastes melanops,TRUE,45253,45253
sebastes melanostictus,TRUE,85400,38757
sebastes miniatus,TRUE,35635,35635
sebastes mystinus,TRUE,20899,20899
sebastes nebulosus,TRUE,50402,50402
sebastes nigrocinctus,TRUE,59901,59901
sebastes paucispinis,TRUE,49363,49363
sebastes pinniger,TRUE,49721,49721
sebastes proriger,TRUE,43254,43254
sebastes reedi,TRUE,25952,25952
sebastes rosaceus,TRUE,34201,34201
sebastes ruberrimus,TRUE,49721,49721
sebastes saxicola,TRUE,43254,43254
sebastes variabilis,TRUE,27645,27645
sebastes variegatus,TRUE,30930,30930
sebastes wilsoni,TRUE,49042,49042
sebastes zacentrus,TRUE,49713,49713
sebastolobus alascanus,TRUE,48061,48061
sebastolobus altivelis,TRUE,8503,8503
sebastolobus macrochir,TRUE,7388,7388
semisuberites cribrosa,TRUE,60122,60122
sergestes atlanticus,TRUE,13376,0
sergia tenuiremis,TRUE,144,0
sericosura venticola,TRUE,5156,5156
seriphus politus,TRUE,1372,1372
serpula vermicularis,TRUE,58134,58134
serrivomer beanii,TRUE,371536,15697
serrivomer jesperseni,TRUE,236677,9085
serrivomer samoensis,TRUE,297371,24
serrivomer sector,TRUE,123353,24
sigambra bassi,TRUE,41674,41674
sigmops elongatus,TRUE,223221,394
sigmops gracilis,TRUE,367354,11944
sinelobus stanfordi,TRUE,31779,31779
solaster dawsoni,TRUE,50411,50411
solaster endeca,TRUE,52276,52276
solaster paxillatus,TRUE,38494,38494
solaster stimpsoni,TRUE,59532,59532
solocisquama stellulata,TRUE,4232,4232
somateria spectabilis,TRUE,0,0
somniosus pacificus,TRUE,122346,53620
spectrunculus grandis,TRUE,1241,1241
sperosoma biseriatum,TRUE,141,141
sphoeroides pachygaster,TRUE,41376,12912
sphyraena argentea,TRUE,85929,65909
sphyrna zygaena,TRUE,71195,24
spinophiura jolliveti,TRUE,0,0
spio filicornis,TRUE,37786,37786
spiochaetopterus costarum,TRUE,56168,56168
spiophanes berkeleyorum,TRUE,56511,56511
spiophanes bombyx,TRUE,59742,59742
spiophanes kroyeri,TRUE,18711,18711
spirinchus starksi,TRUE,75251,63370
spirinchus thaleichthys,TRUE,112322,86704
squalus suckleyi,TRUE,115727,88819
stegophiura ponderosa,TRUE,28498,28498
stellerina xyosterna,TRUE,21511,21511
stelletta clarella,TRUE,49042,49042
stemonidium hypomelas,TRUE,237175,0
stenella coeruleoalba,TRUE,346731,2744
stenobrachius leucopsarus,TRUE,444878,76674
stenobrachius nannochir,TRUE,349470,5903
stercorarius pomarinus,TRUE,242104,24
stereomastis auriculata,TRUE,0,0
stereomastis pacifica,TRUE,758,758
stereomastis surda,TRUE,0,0
sterna hirundo,TRUE,5193,5193
sterna paradisaea,TRUE,463,463
sternaspis scutata,TRUE,58410,58410
sternoptyx diaphana,TRUE,252606,2939
sternoptyx obscura,TRUE,350385,8715
stichaeus punctatus,TRUE,44505,44505
stomphia coccinea,TRUE,54519,54519
streblospio benedicti,TRUE,39601,39601
strongylocentrotus droebachiensis,TRUE,63081,63081
strongylocentrotus fragilis,TRUE,40966,40966
strongylocentrotus pallidus,TRUE,36129,36129
strongylocentrotus purpuratus,TRUE,50402,50402
stylasterias forreri,TRUE,50033,50033
stylatula elongata,TRUE,53969,53969
stylocheiron maximum,TRUE,6019,0
suberites carnosus,TRUE,31180,31180
syllis amica,TRUE,3850,3850
syllis armillaris,TRUE,51381,51381
syllis cornuta,TRUE,57345,57345
syllis gracilis,TRUE,22238,22238
syllis hyalina,TRUE,10200,10200
symbolophorus californiensis,TRUE,357863,9003
symphurus strictus,TRUE,1160,1160
synchirus gilli,TRUE,59286,59286
syngnathus leptorhynchus,TRUE,57132,57132
synidotea bicuspida,TRUE,132696,93776
synthliboramphus antiquus,TRUE,454921,85031
synthliboramphus hypoleucus,TRUE,122900,21812
synthliboramphus scrippsi,TRUE,122900,21812
systellaspis braueri,TRUE,133095,4193
systellaspis debilis,TRUE,100816,24
tachyrhynchus erosus,TRUE,40899,40899
tactostoma macropus,TRUE,426581,58452
talismania bifurcata,TRUE,3576,3576
tanystylum duospinum,TRUE,2060,2060
tanystylum grossifemorum,TRUE,38753,38753
taractes asper,TRUE,429738,62616
taranetzella lyoderma,TRUE,133,133
tarletonbeania crenularis,TRUE,445606,77402
tarletonbeania taylori,TRUE,393030,31328
tarsaster alaskanus,TRUE,11727,11727
telmessus cheiragonus,TRUE,50920,50920
terebellides stroemii,TRUE,53308,53308
tetragonurus atlanticus,TRUE,3624,0
tetragonurus cuvieri,TRUE,450711,81070
thaleichthys pacificus,TRUE,137853,93811
thelepus crispus,TRUE,59721,59721
thelepus setosus,TRUE,42298,42298
thracia trapezoides,TRUE,59954,59954
thrissacanthias penicillatus,TRUE,25826,25826
thunnus alalunga,TRUE,246704,8829
thunnus albacares,TRUE,50743,0
thunnus obesus,TRUE,25173,0
thunnus orientalis,TRUE,11546,0
thysanoessa inermis,TRUE,222029,28910
thysanoessa longipes,TRUE,124496,76295
thysanoessa raschii,TRUE,180157,68960
thysanoessa spinifera,TRUE,103228,77776
thysanopoda cornuta,TRUE,84416,124
thysanopoda orientalis,TRUE,12783,3694
trachipterus altivelis,TRUE,437367,69403
trachipterus fukuzakii,TRUE,137820,3712
trachonurus villosus,TRUE,3290,104
trachurus symmetricus,TRUE,440705,73355
trichobranchus glacialis,TRUE,48916,48916
trichodon trichodon,TRUE,50089,50089
triglops macellus,TRUE,42026,42026
triglops pingelii,TRUE,52535,52535
triglops scepticus,TRUE,16425,16425
trinchesia albocrusta,TRUE,50188,50188
triopha catalinae,TRUE,60398,60398
triphoturus oculeum,TRUE,331594,436
tritonia tetraquetra,TRUE,52156,52156
trypanosyllis gigantea,TRUE,0,0
tursiops truncatus,TRUE,332923,89540
turtonia minuta,TRUE,43407,43407
upogebia pugettensis,TRUE,56465,56465
uria aalge,TRUE,454875,84985
uria lomvia,TRUE,132041,57701
urticina columbiana,TRUE,52434,52434
urticina coriacea,TRUE,56432,56432
urticina crassicornis,TRUE,60122,60122
urticina eques,TRUE,54011,54011
urticina piscivora,TRUE,60398,60398
valenciennellus tripunctulatus,TRUE,82637,24
velutina plicatilis,TRUE,36750,36750
velutina velutina,TRUE,42039,42039
venefica tentaculata,TRUE,462,462
vitreledonella richardi,TRUE,448885,79171
volvulella panamica,TRUE,27774,27774
willemoesia inornata,TRUE,0,0
xema sabini,TRUE,408043,43783
xeneretmus latifrons,TRUE,17198,17198
xeneretmus leiops,TRUE,44201,44201
xeneretmus triacanthus,TRUE,47977,47977
xenomystax atrarius,TRUE,20223,20223
xiphias gladius,TRUE,322463,22917
xiphister atropurpureus,TRUE,54933,54933
xiphister mucosus,TRUE,53923,53923
xyelacyba myersi,TRUE,0,0
zalophus californianus,TRUE,12495,12495
zameus squamulosus,TRUE,69420,15805
zaniolepis latipinnis,TRUE,22610,22610
zaprora silenus,TRUE,42794,42794
zesticelus profundorum,TRUE,15258,15258
ziminella salmonacea,TRUE,41274,41274
ziphius cavirostris,TRUE,346731,2744
zoroaster ophiurus,TRUE,1521,1521
